activity_id,date,start_time,name,type,duration_min,distance_km,avg_hr,max_hr,calories,avg_power,norm_power,training_load,aerobic_te,anaerobic_te,elevation_gain_m,avg_speed_kmh
22883228342,2026-05-14,2026-05-14 21:50:05,Amsterdam Walking,walking,68.2,3.61,106.0,119.0,289.0,,,7.0224609375,0.5,0.0,20.0,3.18
22878678387,2026-05-14,2026-05-14 13:20:26,Amsterdam Walking,walking,94.2,5.59,105.0,131.0,407.0,,,11.206832885742188,0.8999999761581421,0.0,29.0,3.56
22873647835,2026-05-14,2026-05-14 05:09:19,Meditation,meditation,10.0,,60.0,78.0,,,,0.0,0.0,0.0,,
22873646870,2026-05-14,2026-05-14 04:53:16,Relax and Focus,breathwork,15.6,,59.0,106.0,,,,0.1278076171875,0.0,0.0,,
22893303304,2026-05-15,2026-05-15 18:28:33,Brussels Walking,walking,86.5,5.75,86.0,133.0,404.0,,,17.817947387695312,1.0,0.4000000059604645,89.0,3.99
22889562605,2026-05-15,2026-05-15 14:25:19,Sint-Joost-ten-Node Walking,walking,30.5,2.42,124.0,144.0,167.0,,,15.69488525390625,1.2999999523162842,0.0,12.0,4.77
22889097407,2026-05-15,2026-05-15 11:04:37,Amsterdam Track Me,other,161.9,204.23,74.0,124.0,315.0,,,3.443756103515625,0.30000001192092896,0.0,485.0,75.71
22885936000,2026-05-15,2026-05-15 07:55:57,Meditation,meditation,10.0,,54.0,69.0,,,,0.0,0.0,0.0,,
22885867758,2026-05-15,2026-05-15 07:40:00,Relax and Focus,breathwork,15.6,,63.0,108.0,,,,0.465911865234375,0.0,0.0,,
22899611145,2026-05-16,2026-05-16 11:37:45,Brussels Walking,walking,82.6,5.63,111.0,141.0,412.0,,,24.755935668945312,2.0,0.0,67.0,4.09
22897004036,2026-05-16,2026-05-16 09:07:25,Meditation,meditation,10.0,,69.0,87.0,,,,0.0,0.0,0.0,,
22896927921,2026-05-16,2026-05-16 08:51:27,Relax and Focus,breathwork,15.6,,67.0,87.0,,,,0.0,0.0,0.0,,
22907496330,2026-05-17,2026-05-17 07:30:56,Meditation,meditation,10.0,,84.0,93.0,,,,0.96929931640625,0.0,0.0,,
22907464143,2026-05-17,2026-05-17 07:14:59,Relax and Focus,breathwork,15.6,,89.0,101.0,,,,2.2369842529296875,0.20000000298023224,0.0,,
22922656634,2026-05-18,2026-05-18 18:02:09,Shoulder,strength_training,54.1,,122.0,159.0,301.0,,,52.59649658203125,2.299999952316284,1.0,,
22918660893,2026-05-18,2026-05-18 07:20:50,Meditation,meditation,10.0,,59.0,71.0,,,,0.0,0.0,0.0,,
22918618922,2026-05-18,2026-05-18 07:04:02,Relax and Focus,breathwork,15.6,,61.0,75.0,,,,0.0,0.0,0.0,,
22998218601,2026-05-19,2026-05-19 18:50:29,Evening Ride,cycling,99.4,30.39,128.0,146.0,309.0,55.780815025993626,70.53815277423126,,,,385.156409740448,18.34
22933480116,2026-05-19,2026-05-19 16:19:18,Meditation,meditation,10.0,,88.0,101.0,,,,1.5756072998046875,0.10000000149011612,0.0,,
22932817526,2026-05-19,2026-05-19 15:42:27,Relax and Focus,breathwork,15.6,,85.0,100.0,,,,1.2827911376953125,0.10000000149011612,0.0,,
22947701759,2026-05-20,2026-05-20 19:59:26,Quan 10 Cycling,cycling,5.4,1.54,127.0,138.0,22.0,52.0,45.0,8.854141235351562,0.699999988079071,0.0,1.0,17.09
22947567316,2026-05-20,2026-05-20 18:46:53,Chest,strength_training,65.3,,123.0,156.0,367.0,,,68.08126831054688,2.4000000953674316,2.0,,
22946786199,2026-05-20,2026-05-20 18:33:20,Quan 10 Cycling,cycling,5.7,1.54,116.0,124.0,26.0,62.0,58.0,8.219085693359375,0.699999988079071,0.0,2.0,16.29
22942722118,2026-05-20,2026-05-20 08:17:41,Meditation,meditation,10.0,,73.0,104.0,,,,0.7994842529296875,0.0,0.0,,
22942672443,2026-05-20,2026-05-20 08:01:40,Relax and Focus,breathwork,15.6,,59.0,79.0,,,,0.0,0.0,0.0,,
22998211755,2026-05-21,2026-05-21 19:03:40,Evening Ride,cycling,93.6,30.96,127.0,141.0,298.0,55.005340929321704,61.686340285317684,,,,288.9126465320587,19.84
22955024045,2026-05-21,2026-05-21 09:17:30,Meditation,meditation,10.0,,81.0,106.0,,,,0.8621368408203125,0.0,0.0,,
22954972801,2026-05-21,2026-05-21 09:01:17,Relax and Focus,breathwork,15.6,,72.0,109.0,,,,0.2315673828125,0.0,0.0,,
22971665423,2026-05-22,2026-05-22 20:13:02,Quan 10 Cycling,cycling,5.3,1.36,112.0,137.0,21.0,66.0,54.0,14.898788452148438,1.100000023841858,0.10000000149011612,1.0,15.57
22971409383,2026-05-22,2026-05-22 18:54:35,Back,strength_training,69.3,,110.0,149.0,307.0,,,34.65667724609375,1.2999999523162842,1.7000000476837158,,
22970615543,2026-05-22,2026-05-22 18:40:46,Quan 10 Cycling,cycling,5.9,1.55,108.0,116.0,27.0,62.0,56.0,5.431915283203125,0.4000000059604645,0.0,2.0,15.67
22966628415,2026-05-22,2026-05-22 08:36:33,Meditation,meditation,10.0,,60.0,78.0,,,,0.0,0.0,0.0,,
22966616299,2026-05-22,2026-05-22 08:20:36,Relax and Focus,breathwork,15.6,,67.0,100.0,,,,0.6018218994140625,0.0,0.0,,
22980185319,2026-05-23,2026-05-23 15:02:52,Quan 10 Motorcycle,motorcycling_v2,48.4,30.98,110.0,125.0,228.0,,,14.371124267578125,1.2000000476837158,0.0,132.0,38.44
22980182929,2026-05-23,2026-05-23 14:19:30,Quan Go Vap Motorcycle,motorcycling_v2,21.6,11.54,96.0,105.0,78.0,,,3.9817657470703125,0.30000001192092896,0.0,24.0,32.01
22978828754,2026-05-23,2026-05-23 13:18:57,Quan 11 Motorcycle,motorcycling_v2,22.7,11.45,104.0,124.0,98.0,,,6.2598724365234375,0.5,0.0,40.0,30.3
22977861947,2026-05-23,2026-05-23 09:44:17,Meditation,meditation,10.0,,63.0,77.0,,,,0.0,0.0,0.0,,
22977825646,2026-05-23,2026-05-23 09:28:10,Relax and Focus,breathwork,15.6,,65.0,84.0,,,,0.0,0.0,0.0,,
22998208616,2026-05-23,2026-05-23 07:12:07,MyWhoosh - Arabia - Desert Pearls,indoor_cycling,60.1,14.98,116.0,130.0,207.0,57.17258601553829,57.19766975618063,,,,2200.8700561523438,14.96
22995651420,2026-05-24,2026-05-24 19:10:00,Quan 10 Walking,walking,73.7,6.66,124.0,144.0,443.0,,,47.568603515625,2.5,0.0,7.0,5.42
22994095357,2026-05-24,2026-05-24 17:25:50,Bien Hoa Motorcycle,motorcycling_v2,47.8,29.43,94.0,130.0,168.0,,,7.554718017578125,0.6000000238418579,0.0,135.0,36.96
22993149335,2026-05-24,2026-05-24 16:53:06,Bien Hoa Motorcycle,motorcycling_v2,17.8,9.28,103.0,116.0,76.0,,,5.27325439453125,0.4000000059604645,0.0,33.0,31.33
22992764461,2026-05-24,2026-05-24 15:52:39,Pool Swim,lap_swimming,51.4,1.5,130.0,158.0,349.0,,,82.3248291015625,3.0999999046325684,0.20000000298023224,,1.75
22991910703,2026-05-24,2026-05-24 15:31:53,Bien Hoa Motorcycle,motorcycling_v2,14.3,8.88,99.0,120.0,57.0,,,3.757568359375,0.30000001192092896,0.0,45.0,37.13
22989397046,2026-05-24,2026-05-24 08:24:31,Meditation,meditation,10.0,,73.0,95.0,,,,0.129852294921875,0.0,0.0,,
22989282016,2026-05-24,2026-05-24 07:52:18,Relax and Focus,breathwork,15.6,,65.0,93.0,,,,0.135009765625,0.0,0.0,,
23006423312,2026-05-25,2026-05-25 19:25:40,Quan 10 Cycling,cycling,5.4,1.36,130.0,147.0,24.0,60.0,59.0,10.746444702148438,0.8999999761581421,0.0,0.0,15.23
23006246597,2026-05-25,2026-05-25 18:20:18,Shoulder,strength_training,55.4,,137.0,162.0,408.0,,,128.39996337890625,3.200000047683716,2.299999952316284,,
23005513379,2026-05-25,2026-05-25 18:08:00,Quan 10 Cycling,cycling,5.0,1.55,128.0,143.0,29.0,88.0,86.0,15.5447998046875,1.2999999523162842,0.0,0.0,18.68
23001445045,2026-05-25,2026-05-25 08:25:16,Meditation,meditation,10.0,,70.0,129.0,,,,2.6647186279296875,0.0,0.10000000149011612,,
23001413833,2026-05-25,2026-05-25 08:09:17,Relax and Focus,breathwork,15.6,,65.0,89.0,,,,0.067657470703125,0.0,0.0,,
23014480640,2026-05-26,2026-05-26 10:27:51,Meditation,meditation,10.0,,101.0,111.0,,,,4.0743560791015625,0.30000001192092896,0.0,,
23014480492,2026-05-26,2026-05-26 10:11:50,Relax and Focus,breathwork,15.6,,99.0,112.0,,,,3.86248779296875,0.30000001192092896,0.0,,
23031402184,2026-05-27,2026-05-27 19:59:57,Quan 10 Cycling,cycling,5.4,1.35,126.0,135.0,21.0,45.0,45.0,7.0955963134765625,0.5,0.0,0.0,15.05
23031218774,2026-05-27,2026-05-27 18:49:12,Chest,strength_training,58.3,,125.0,160.0,347.0,,,93.11676025390625,2.799999952316284,2.200000047683716,,
23031216952,2026-05-27,2026-05-27 18:35:01,Quan 10 Cycling,cycling,5.7,1.56,129.0,139.0,27.0,62.0,57.0,12.248687744140625,1.0,0.0,1.0,16.38
23025820235,2026-05-27,2026-05-27 07:29:31,Meditation,meditation,10.0,,84.0,99.0,,,,1.3571624755859375,0.10000000149011612,0.0,,
23025819711,2026-05-27,2026-05-27 07:13:23,Relax and Focus,breathwork,15.6,,84.0,95.0,,,,1.4961395263671875,0.10000000149011612,0.0,,
23044147065,2026-05-28,2026-05-28 20:04:06,Huyen Binh Chanh Motorcycle,motorcycling_v2,13.0,6.09,109.0,129.0,68.0,,,20.592514038085938,1.7999999523162842,0.0,15.0,28.17
23043649942,2026-05-28,2026-05-28 19:44:25,Strength,strength_training,6.6,,121.0,143.0,44.0,,,11.679168701171875,1.0,0.0,,
23043351054,2026-05-28,2026-05-28 19:07:48,Quan 10 Motorcycle,motorcycling_v2,14.4,6.07,119.0,146.0,90.0,,,26.86456298828125,1.600000023841858,0.699999988079071,12.0,25.32
23038598381,2026-05-28,2026-05-28 08:16:44,Meditation,meditation,10.0,,78.0,95.0,,,,0.336334228515625,0.0,0.0,,
23038546845,2026-05-28,2026-05-28 08:00:37,Relax and Focus,breathwork,15.6,,76.0,97.0,,,,0.1038360595703125,0.0,0.0,,
23050525966,2026-05-29,2026-05-29 07:40:56,Meditation,meditation,10.0,,69.0,95.0,,,,0.2265472412109375,0.0,0.0,,
23050525449,2026-05-29,2026-05-29 07:24:56,Relax and Focus,breathwork,15.6,,66.0,85.0,,,,0.12774658203125,0.0,0.0,,
23073582052,2026-05-30,2026-05-30 06:39:57,Morning Ride,cycling,253.3,36.03,114.0,135.0,389.0,26.50848907607265,69.85261505900446,,,,385.72117970883846,8.53
23061162860,2026-05-30,2026-05-30 06:19:14,Meditation,meditation,10.0,,61.0,73.0,,,,0.0,0.0,0.0,,
23061099063,2026-05-30,2026-05-30 06:03:14,Relax and Focus,breathwork,15.6,,89.0,123.0,,,,6.6305694580078125,0.5,0.0,,
23073530520,2026-05-31,2026-05-31 07:41:31,Meditation,meditation,10.0,,55.0,102.0,,,,0.10589599609375,0.0,0.0,,
23073473163,2026-05-31,2026-05-31 07:24:16,Relax and Focus,breathwork,15.6,,57.0,83.0,,,,0.01959228515625,0.0,0.0,,
23090399818,2026-06-01,2026-06-01 18:29:01,Shoulder,strength_training,64.6,,120.0,151.0,339.0,,,49.174102783203125,2.299999952316284,1.100000023841858,,
23085782766,2026-06-01,2026-06-01 07:39:23,Meditation,meditation,10.0,,54.0,80.0,,,,0.020782470703125,0.0,0.0,,
23085740640,2026-06-01,2026-06-01 07:23:25,Relax and Focus,breathwork,15.6,,55.0,86.0,,,,0.0,0.0,0.0,,
23097799342,2026-06-02,2026-06-02 07:57:42,Meditation,meditation,10.0,,58.0,90.0,,,,0.0,0.0,0.0,,
23097737846,2026-06-02,2026-06-02 07:41:37,Relax and Focus,breathwork,15.6,,57.0,74.0,,,,0.0,0.0,0.0,,
23115980371,2026-06-03,2026-06-03 20:37:35,Quan 10 Cycling,cycling,5.3,1.35,134.0,143.0,20.0,54.0,46.0,12.156768798828125,1.100000023841858,0.0,0.0,15.2
23115830522,2026-06-03,2026-06-03 19:27:09,Chest,strength_training,62.0,,125.0,156.0,384.0,,,81.60044860839844,2.9000000953674316,1.899999976158142,,
23115049281,2026-06-03,2026-06-03 19:07:50,Quan 10 Cycling,cycling,5.5,1.56,113.0,128.0,24.0,54.0,51.0,7.0874481201171875,0.6000000238418579,0.0,0.0,16.9
23110117188,2026-06-03,2026-06-03 07:12:33,Meditation,meditation,10.0,,63.0,77.0,,,,0.0,0.0,0.0,,
23110046098,2026-06-03,2026-06-03 06:56:23,Relax and Focus,breathwork,15.6,,61.0,87.0,,,,0.0,0.0,0.0,,
23128844175,2026-06-04,2026-06-04 19:10:31,Quan 10 Cycling,cycling,121.6,45.52,139.0,171.0,699.0,91.0,104.0,372.766845703125,4.800000190734863,4.099999904632568,136.0,22.45
23126187004,2026-06-04,2026-06-04 17:32:04,Quan 3 Cycling,cycling,11.3,3.35,118.0,137.0,59.0,,,15.052398681640625,1.399999976158142,0.0,1.0,17.74
23122671812,2026-06-04,2026-06-04 08:07:09,Meditation,meditation,10.0,,64.0,83.0,,,,0.0,0.0,0.0,,
23122616635,2026-06-04,2026-06-04 07:50:41,Relax and Focus,breathwork,15.6,,61.0,82.0,,,,0.0,0.0,0.0,,
23139803998,2026-06-05,2026-06-05 20:31:20,Quan 10 Cycling,cycling,5.3,1.3,132.0,144.0,36.0,,,14.56640625,1.2000000476837158,0.0,0.0,14.85
23139670446,2026-06-05,2026-06-05 19:28:38,Back,strength_training,55.2,,125.0,166.0,285.0,,,78.00346374511719,2.5999999046325684,2.0,,
23139015309,2026-06-05,2026-06-05 19:16:20,Quan 10 Cycling,cycling,5.9,1.49,131.0,149.0,40.0,,,25.299896240234375,1.5,0.699999988079071,1.0,15.28
23134584738,2026-06-05,2026-06-05 08:03:07,Meditation,meditation,10.0,,60.0,70.0,,,,0.0,0.0,0.0,,
23134545156,2026-06-05,2026-06-05 07:46:31,Relax and Focus,breathwork,15.6,,61.0,85.0,,,,0.0,0.0,0.0,,
23151483989,2026-06-06,2026-06-06 19:21:14,Quan 10 Motorcycle,motorcycling_v2,52.6,30.1,96.0,117.0,151.0,,,4.1395721435546875,0.30000001192092896,0.0,126.0,34.33
23145084348,2026-06-06,2026-06-06 06:37:52,Meditation,meditation,10.0,,73.0,83.0,,,,0.0,0.0,0.0,,
23145022939,2026-06-06,2026-06-06 06:21:44,Relax and Focus,breathwork,15.6,,74.0,91.0,,,,0.122802734375,0.0,0.0,,
23163627735,2026-06-06,2026-06-06 05:03:16,MyWhoosh - Arabia - Desert Pearls,indoor_cycling,60.0,18.73,129.0,142.0,279.0,77.36896168795114,78.04427042666727,,,,2662.8505249023438,18.72
23160967524,2026-06-07,2026-06-07 15:49:59,Thi Xa Di An Cycling,cycling,54.9,21.75,154.0,180.0,394.0,111.0,144.0,326.20013427734375,4.400000095367432,3.5,85.0,23.75
23159675217,2026-06-07,2026-06-07 14:09:39,Quan 10 Cycling,cycling,50.2,20.35,142.0,176.0,326.0,89.0,105.0,208.4268798828125,3.9000000953674316,2.799999952316284,72.0,24.3
23158879580,2026-06-07,2026-06-07 12:55:18,Bien Hoa Motorcycle,motorcycling_v2,45.8,30.05,102.0,160.0,152.0,,,13.448394775390625,0.699999988079071,0.4000000059604645,175.0,39.39
23157609222,2026-06-07,2026-06-07 08:13:47,Meditation,meditation,10.0,,89.0,102.0,,,,1.6547088623046875,0.10000000149011612,0.0,,
23157609018,2026-06-07,2026-06-07 07:57:38,Relax and Focus,breathwork,15.6,,87.0,131.0,,,,2.3707122802734375,0.10000000149011612,0.0,,
23157491749,2026-06-07,2026-06-07 06:28:04,Quan Binh Tan Motorcycle,motorcycling_v2,67.5,43.97,85.0,110.0,155.0,,,0.9166717529296875,0.0,0.0,142.0,39.1
23156887461,2026-06-07,2026-06-07 05:34:50,Quan 12 Motorcycle,motorcycling_v2,22.9,9.56,84.0,104.0,54.0,,,1.035064697265625,0.0,0.0,14.0,25.02
23156538092,2026-06-07,2026-06-07 03:57:48,Bien Hoa Motorcycle,motorcycling_v2,53.2,29.67,78.0,108.0,103.0,,,0.4224090576171875,0.0,0.0,120.0,33.43
23395889499,2026-06-08,2026-06-08 19:48:48,Evening Ride,cycling,68.4,23.08,126.0,140.0,248.0,63.51596392883256,72.5542335703052,,,,288.329665184021,20.25
23174469987,2026-06-08,2026-06-08 19:27:07,Quan 10 Cycling,cycling,5.2,1.35,129.0,154.0,36.0,,,17.4417724609375,1.0,0.30000001192092896,2.0,15.7
23174352261,2026-06-08,2026-06-08 18:25:02,Shoulder,strength_training,55.4,,130.0,169.0,335.0,,,103.02235412597656,2.700000047683716,2.4000000953674316,,
23173494598,2026-06-08,2026-06-08 17:56:03,Quan 10 Cycling,cycling,5.4,1.49,118.0,124.0,32.0,,,8.023422241210938,0.6000000238418579,0.0,1.0,16.48
23170123782,2026-06-08,2026-06-08 08:12:54,Meditation,meditation,10.0,,72.0,84.0,,,,0.0,0.0,0.0,,
23170078099,2026-06-08,2026-06-08 07:56:37,Relax and Focus,breathwork,15.6,,67.0,93.0,,,,0.0698699951171875,0.0,0.0,,
23395885188,2026-06-09,2026-06-09 18:58:26,Evening Ride,cycling,138.6,41.99,153.0,186.0,598.0,83.93291656648233,151.16771562059745,,,,367.4775619953871,18.17
23181851976,2026-06-09,2026-06-09 07:51:37,Meditation,meditation,10.0,,93.0,112.0,,,,2.7040863037109375,0.20000000298023224,0.0,,
23181851493,2026-06-09,2026-06-09 07:35:23,Relax and Focus,breathwork,15.6,,74.0,98.0,,,,1.2343597412109375,0.10000000149011612,0.0,,
23200318782,2026-06-10,2026-06-10 20:07:53,Zwift - Diesel Distance Builder,virtual_ride,60.3,19.88,124.0,131.0,228.0,66.0,67.20876670686411,35.61735534667969,2.200000047683716,0.0,95.0,19.79
23199798972,2026-06-10,2026-06-10 19:50:04,Quan 10 Cycling,cycling,4.7,1.32,116.0,142.0,27.0,,,10.362274169921875,0.6000000238418579,0.10000000149011612,0.0,16.82
23199798867,2026-06-10,2026-06-10 18:40:49,Chest New,strength_training,61.9,,111.0,148.0,264.0,,,23.27984619140625,1.2000000476837158,0.699999988079071,,
23198697590,2026-06-10,2026-06-10 18:17:02,Quan 10 Cycling,cycling,5.5,1.5,113.0,129.0,30.0,,,6.2823333740234375,0.5,0.0,0.0,16.32
23194547903,2026-06-10,2026-06-10 08:19:13,Meditation,meditation,10.0,,66.0,84.0,,,,0.0,0.0,0.0,,
23194547637,2026-06-10,2026-06-10 08:02:59,Relax and Focus,breathwork,15.6,,63.0,77.0,,,,1.7852325439453125,0.10000000149011612,0.0,,
23211219970,2026-06-11,2026-06-11 19:20:45,Huyen Binh Chanh Cycling,cycling,18.3,6.31,124.0,150.0,103.0,79.0,98.0,41.77854919433594,2.0,0.8999999761581421,23.0,20.74
23209989260,2026-06-11,2026-06-11 17:27:22,Quan 10 Cycling,cycling,17.5,6.34,136.0,163.0,111.0,98.0,131.0,74.06260681152344,2.5,1.899999976158142,14.0,21.78
23206314136,2026-06-11,2026-06-11 07:23:16,Meditation,meditation,10.0,,58.0,75.0,,,,0.0,0.0,0.0,,
23206313728,2026-06-11,2026-06-11 07:07:17,Relax and Focus,breathwork,15.6,,63.0,83.0,,,,0.0,0.0,0.0,,
23395882084,2026-06-12,2026-06-12 20:36:16,Evening Ride,cycling,68.7,21.25,136.0,152.0,239.0,62.39995149163231,82.32464131338288,,,,230.1678305864334,18.56
23222437539,2026-06-12,2026-06-12 19:26:19,Quan 10 Cycling,cycling,5.7,1.31,129.0,146.0,42.0,,,21.330963134765625,1.100000023841858,0.5,0.0,13.81
23222292293,2026-06-12,2026-06-12 18:19:21,Back,strength_training,58.5,,130.0,164.0,364.0,,,73.65174865722656,2.5999999046325684,1.0,,
23221570880,2026-06-12,2026-06-12 18:03:37,Quan 10 Cycling,cycling,6.0,1.49,123.0,131.0,41.0,,,11.98492431640625,0.8999999761581421,0.0,0.0,14.73
23217694075,2026-06-12,2026-06-12 07:11:28,Meditation,meditation,10.0,,59.0,73.0,,,,0.0,0.0,0.0,,
23217652230,2026-06-12,2026-06-12 06:55:29,Relax and Focus,breathwork,15.6,,60.0,78.0,,,,0.0,0.0,0.0,,
23227494174,2026-06-13,2026-06-13 04:47:09,Meditation,meditation,10.0,,73.0,98.0,,,,0.1750335693359375,0.0,0.0,,
23227490114,2026-06-13,2026-06-13 04:31:07,Relax and Focus,breathwork,15.6,,86.0,116.0,,,,1.4933624267578125,0.10000000149011612,0.0,,
23241105622,2026-06-14,2026-06-14 11:12:02,Meditation,meditation,10.0,,84.0,97.0,,,,0.8998565673828125,0.0,0.0,,
23241105340,2026-06-14,2026-06-14 10:56:02,Relax and Focus,breathwork,15.6,,91.0,101.0,,,,2.4013519287109375,0.10000000149011612,0.0,,
23256826053,2026-06-15,2026-06-15 19:25:13,Quan 5 Walking,walking,16.1,1.29,111.0,123.0,84.0,,,11.580368041992188,0.8999999761581421,0.0,0.0,4.82
23251747392,2026-06-15,2026-06-15 05:48:06,Meditation,meditation,10.0,,83.0,90.0,,,,0.2823486328125,0.0,0.0,,
23251747142,2026-06-15,2026-06-15 05:32:04,Relax and Focus,breathwork,15.6,,88.0,111.0,,,,2.109832763671875,0.10000000149011612,0.0,,
23269728574,2026-06-16,2026-06-16 18:49:32,Quan 10 Cycling,cycling,98.1,38.48,145.0,183.0,643.0,90.0,120.0,271.4316711425781,3.9000000953674316,3.299999952316284,67.0,23.54
23263713300,2026-06-16,2026-06-16 07:19:05,Meditation,meditation,10.0,,77.0,87.0,,,,0.0236053466796875,0.0,0.0,,
23263712871,2026-06-16,2026-06-16 07:03:00,Relax and Focus,breathwork,15.6,,67.0,94.0,,,,0.0,0.0,0.0,,
23283049692,2026-06-17,2026-06-17 20:20:02,Zwift - Easy Hour,virtual_ride,60.4,25.82,135.0,145.0,309.0,89.0,89.69581909134352,62.53578186035156,2.700000047683716,0.0,39.0,25.64
23282196274,2026-06-17,2026-06-17 19:54:06,Quan 10 Cycling,cycling,5.3,1.32,121.0,132.0,35.0,,,8.4267578125,0.6000000238418579,0.0,0.0,14.86
23281962195,2026-06-17,2026-06-17 18:36:25,Chest New,strength_training,61.5,,121.0,145.0,340.0,,,42.699432373046875,2.0999999046325684,0.800000011920929,,
23281166368,2026-06-17,2026-06-17 18:14:02,Quan 10 Cycling,cycling,5.9,1.49,121.0,130.0,39.0,,,10.626144409179688,0.800000011920929,0.0,0.0,15.28
23395880468,2026-06-17,2026-06-17 05:32:34,Morning Ride,cycling,94.4,33.33,139.0,177.0,393.0,73.5808615819209,148.4364876577224,,,,313.14976927638054,21.19
23275794466,2026-06-17,2026-06-17 05:15:12,Meditation,meditation,10.0,,72.0,105.0,,,,0.3310699462890625,0.0,0.0,,
23275720168,2026-06-17,2026-06-17 04:59:07,Relax and Focus,breathwork,15.6,,84.0,115.0,,,,1.2264404296875,0.10000000149011612,0.0,,
23289220432,2026-06-18,2026-06-18 07:49:48,Meditation,meditation,10.0,,62.0,71.0,,,,0.0,0.0,0.0,,
23289165718,2026-06-18,2026-06-18 07:33:40,Relax and Focus,breathwork,15.6,,76.0,109.0,,,,1.250701904296875,0.10000000149011612,0.0,,
23305936141,2026-06-19,2026-06-19 20:08:22,Quan 10 Cycling,cycling,4.5,1.32,139.0,150.0,38.0,,,17.140884399414062,1.2999999523162842,0.0,0.0,17.42
23305833616,2026-06-19,2026-06-19 18:54:00,Back New,strength_training,68.4,,125.0,155.0,376.0,,,74.18536376953125,2.5,1.7999999523162842,,
23305060613,2026-06-19,2026-06-19 18:39:14,Quan 10 Cycling,cycling,4.6,1.51,135.0,152.0,38.0,,,17.151031494140625,1.2999999523162842,0.0,1.0,19.46
23395878983,2026-06-19,2026-06-19 05:14:19,Morning Ride,cycling,61.6,20.56,114.0,127.0,194.0,53.81412337662338,63.416312967100346,,,,147.0614052414894,20.03
23299784165,2026-06-19,2026-06-19 04:51:34,Meditation,meditation,10.0,,56.0,76.0,,,,0.0,0.0,0.0,,
23299783856,2026-06-19,2026-06-19 04:35:35,Relax and Focus,breathwork,15.6,,61.0,100.0,,,,0.0764617919921875,0.0,0.0,,
23315153954,2026-06-20,2026-06-20 15:56:13,Quan 10 Road Cycling,road_biking,55.0,20.53,131.0,144.0,309.0,75.0,75.0,56.25321960449219,2.5999999046325684,0.0,29.0,22.4
23311693746,2026-06-20,2026-06-20 07:42:15,Zwift - Easy Hour,virtual_ride,60.5,21.27,136.0,146.0,310.0,89.0,90.01690064612265,58.81303405761719,2.5999999046325684,0.0,218.0,21.08
23311133838,2026-06-20,2026-06-20 06:39:09,Meditation,meditation,10.0,,61.0,78.0,,,,0.0,0.0,0.0,,
23311131839,2026-06-20,2026-06-20 06:23:11,Relax and Focus,breathwork,15.6,,62.0,98.0,,,,0.083343505859375,0.0,0.0,,
23329119804,2026-06-21,2026-06-21 20:11:11,Meditation,meditation,10.0,,80.0,102.0,,,,0.1787567138671875,0.0,0.0,,
23328952029,2026-06-21,2026-06-21 19:54:41,Relax and Focus,breathwork,15.6,,85.0,100.0,,,,1.7277984619140625,0.10000000149011612,0.0,,
23328657077,2026-06-21,2026-06-21 18:58:34,Quan 10 Road Cycling,road_biking,41.9,12.74,125.0,132.0,170.0,48.0,48.0,23.224212646484375,1.7000000476837158,0.0,8.0,18.23
23323633017,2026-06-21,2026-06-21 04:30:33,Quan 10 Road Cycling,road_biking,246.7,86.63,148.0,176.0,1954.0,,,377.45318603515625,5.0,1.600000023841858,222.0,21.07
23334482132,2026-06-22,2026-06-22 08:00:49,Meditation,meditation,10.0,,69.0,78.0,,,,0.0,0.0,0.0,,
23334445957,2026-06-22,2026-06-22 07:44:34,Relax and Focus,breathwork,15.6,,76.0,102.0,,,,0.58197021484375,0.0,0.0,,
23351028478,2026-06-23,2026-06-23 19:02:33,Huyen Binh Chanh Cycling,cycling,18.1,6.3,122.0,149.0,70.0,49.0,60.0,18.635330200195312,1.2000000476837158,0.10000000149011612,19.0,20.83
23350227376,2026-06-23,2026-06-23 17:51:29,Quan 10 Cycling,cycling,20.0,6.49,116.0,139.0,100.0,66.0,84.0,28.646469116210938,1.5,0.6000000238418579,8.0,19.46
23344886871,2026-06-23,2026-06-23 05:00:50,Meditation,meditation,10.0,,66.0,81.0,,,,0.0,0.0,0.0,,
23344886542,2026-06-23,2026-06-23 04:44:51,Relax and Focus,breathwork,15.6,,69.0,99.0,,,,0.1176910400390625,0.0,0.0,,
23364508154,2026-06-24,2026-06-24 20:25:07,Quan 10 - Base,road_biking,58.5,24.32,132.0,147.0,355.0,83.0,83.0,68.6888427734375,2.799999952316284,0.0,15.0,24.93
23363721066,2026-06-24,2026-06-24 20:05:30,Quan 10 Cycling,cycling,5.2,1.33,120.0,145.0,34.0,,,9.080307006835938,0.6000000238418579,0.0,0.0,15.28
23363603854,2026-06-24,2026-06-24 18:58:37,Chest New,strength_training,60.7,,111.0,158.0,284.0,,,28.685806274414062,1.2999999523162842,0.800000011920929,,
23362899873,2026-06-24,2026-06-24 18:46:04,Quan 10 Cycling,cycling,5.5,1.5,111.0,123.0,30.0,,,5.2335357666015625,0.4000000059604645,0.0,1.0,16.27
23358458563,2026-06-24,2026-06-24 08:20:33,Meditation,meditation,10.0,,65.0,102.0,,,,0.1539154052734375,0.0,0.0,,
23358391653,2026-06-24,2026-06-24 08:04:03,Relax and Focus,breathwork,15.6,,72.0,95.0,,,,0.3309173583984375,0.0,0.0,,
23375001976,2026-06-25,2026-06-25 18:57:32,Huyen Binh Chanh Cycling,cycling,59.2,22.72,143.0,177.0,401.0,112.0,178.0,228.7815704345703,3.5,3.0999999046325684,85.0,23.01
23374256093,2026-06-25,2026-06-25 18:25:12,Quan 10 Cycling,cycling,20.0,6.48,123.0,153.0,104.0,80.0,88.0,38.21087646484375,2.0,0.699999988079071,12.0,19.47
23369602781,2026-06-25,2026-06-25 06:35:31,Meditation,meditation,10.0,,61.0,77.0,,,,0.0,0.0,0.0,,
23369539272,2026-06-25,2026-06-25 06:19:31,Relax and Focus,breathwork,15.6,,58.0,80.0,,,,0.0,0.0,0.0,,
23386146915,2026-06-26,2026-06-26 20:45:21,Quan 10 Cycling,cycling,6.1,1.3,116.0,129.0,35.0,,,7.3214874267578125,0.5,0.0,0.0,12.84
23386022221,2026-06-26,2026-06-26 19:29:27,Back,strength_training,68.4,,111.0,144.0,289.0,,,21.73138427734375,1.100000023841858,0.4000000059604645,,
23385151390,2026-06-26,2026-06-26 18:54:20,Quan 10 Cycling,cycling,5.8,1.51,106.0,117.0,28.0,,,3.68634033203125,0.20000000298023224,0.0,1.0,15.56
23380706737,2026-06-26,2026-06-26 06:57:07,Meditation,meditation,10.0,,58.0,77.0,,,,0.0,0.0,0.0,,
23380656993,2026-06-26,2026-06-26 06:41:02,Relax and Focus,breathwork,15.6,,57.0,90.0,,,,0.0222015380859375,0.0,0.0,,
23396360569,2026-06-27,2026-06-27 19:08:37,Quan 10 Motorcycle,motorcycling_v2,51.0,30.11,96.0,114.0,163.0,,,4.0496826171875,0.30000001192092896,0.0,135.0,35.46
23391294661,2026-06-27,2026-06-27 09:07:43,Quan 10 Cycling,cycling,9.1,2.27,115.0,152.0,51.0,,,20.299407958984375,0.800000011920929,0.6000000238418579,3.0,14.94
23395877572,2026-06-27,2026-06-27 07:05:37,MyWhoosh - Arabia - Desert Pearls,indoor_cycling,80.7,26.0,133.0,144.0,384.0,79.22401322587311,80.19691931759553,,,,3744.5020141601562,19.34
23390481925,2026-06-27,2026-06-27 06:22:55,Meditation,meditation,10.0,,54.0,63.0,,,,0.0,0.0,0.0,,
23390423684,2026-06-27,2026-06-27 06:06:56,Relax and Focus,breathwork,15.6,,56.0,68.0,,,,0.0,0.0,0.0,,
23406526503,2026-06-28,2026-06-28 16:49:03,Bien Hoa Motorcycle,motorcycling_v2,90.4,45.15,105.0,151.0,340.0,,,19.970596313476562,0.800000011920929,0.6000000238418579,222.0,29.96
23405232450,2026-06-28,2026-06-28 16:28:55,Bien Hoa Motorcycle,motorcycling_v2,15.9,9.32,109.0,126.0,76.0,,,7.3618621826171875,0.5,0.0,53.0,35.12
23405007967,2026-06-28,2026-06-28 15:06:06,Pool Swim,lap_swimming,72.4,2.0,131.0,157.0,456.0,,,90.07284545898438,3.0,0.30000001192092896,,1.66
23405006392,2026-06-28,2026-06-28 14:44:29,Bien Hoa Motorcycle,motorcycling_v2,14.6,8.96,100.0,114.0,57.0,,,5.39801025390625,0.4000000059604645,0.0,44.0,36.93
23401085097,2026-06-28,2026-06-28 05:17:01,Meditation,meditation,10.0,,59.0,87.0,,,,0.0,0.0,0.0,,
23401037413,2026-06-28,2026-06-28 05:00:55,Relax and Focus,breathwork,15.6,,59.0,74.0,,,,0.0,0.0,0.0,,
23417087578,2026-06-29,2026-06-29 18:12:20,Shoulder New,strength_training,46.8,,126.0,167.0,278.0,,,61.795989990234375,2.299999952316284,1.2999999523162842,,
23412933457,2026-06-29,2026-06-29 07:43:53,Meditation,meditation,10.0,,60.0,70.0,,,,0.0,0.0,0.0,,
23412933170,2026-06-29,2026-06-29 07:27:53,Relax and Focus,breathwork,15.6,,70.0,101.0,,,,0.34033203125,0.0,0.0,,
23430555552,2026-06-30,2026-06-30 19:00:16,Quan 10 Road Cycling,road_biking,112.3,46.61,139.0,173.0,782.0,100.0,126.0,227.6402130126953,3.9000000953674316,2.700000047683716,122.0,24.9
23424509226,2026-06-30,2026-06-30 08:24:19,Meditation,meditation,10.0,,66.0,85.0,,,,0.0,0.0,0.0,,
23424501055,2026-06-30,2026-06-30 08:08:17,Relax and Focus,breathwork,15.6,,64.0,92.0,,,,0.0250091552734375,0.0,0.0,,
23442025352,2026-07-01,2026-07-01 20:11:55,Quan 10 Cycling,cycling,6.5,1.56,130.0,146.0,47.0,,,21.143463134765625,1.2999999523162842,0.20000000298023224,1.0,14.43
23441811784,2026-07-01,2026-07-01 18:51:13,Chest Alternative,strength_training,72.4,,121.0,151.0,383.0,,,49.48899841308594,2.0999999046325684,1.100000023841858,,
23440877004,2026-07-01,2026-07-01 18:32:55,Quan 10 Cycling,cycling,5.5,1.5,108.0,141.0,29.0,,,8.484039306640625,0.5,0.0,2.0,16.19
23435567910,2026-07-01,2026-07-01 05:06:42,Meditation,meditation,10.0,,63.0,85.0,,,,0.0,0.0,0.0,,
23435502945,2026-07-01,2026-07-01 04:50:22,Relax and Focus,breathwork,15.6,,65.0,99.0,,,,0.0839080810546875,0.0,0.0,,
23448206244,2026-07-02,2026-07-02 07:35:28,Meditation,meditation,10.0,,59.0,76.0,,,,0.0,0.0,0.0,,
23448185603,2026-07-02,2026-07-02 07:19:28,Relax and Focus,breathwork,15.6,,60.0,83.0,,,,0.0236053466796875,0.0,0.0,,
23465227246,2026-07-03,2026-07-03 20:45:02,Quan 10 Cycling,cycling,5.0,1.32,126.0,137.0,36.0,,,10.366836547851562,0.699999988079071,0.0,0.0,15.79
23465074917,2026-07-03,2026-07-03 19:48:37,Back Alternative,strength_training,47.3,,123.0,171.0,266.0,,,73.89930725097656,2.0999999046325684,2.200000047683716,,
23464485433,2026-07-03,2026-07-03 19:34:29,Quan 10 Cycling,cycling,5.3,1.48,115.0,130.0,32.0,,,7.9509124755859375,0.6000000238418579,0.0,2.0,16.6
23642620386,2026-07-03,2026-07-03 08:44:31,MyWhoosh - Japan - Edo Circuit,indoor_cycling,90.3,23.23,128.0,148.0,334.0,61.46051660516605,63.966421270527356,,,,3474.632537841797,15.43
23459332042,2026-07-03,2026-07-03 06:22:18,Meditation,meditation,10.0,,86.0,102.0,,,,1.0162353515625,0.0,0.0,,
23459284716,2026-07-03,2026-07-03 06:06:12,Relax and Focus,breathwork,15.6,,83.0,107.0,,,,1.05804443359375,0.0,0.0,,
23472157647,2026-07-04,2026-07-04 13:35:57,Meditation,meditation,10.0,,95.0,107.0,,,,2.7056427001953125,0.10000000149011612,0.0,,
23472157299,2026-07-04,2026-07-04 13:19:55,Relax and Focus,breathwork,15.6,,96.0,104.0,,,,3.29803466796875,0.20000000298023224,0.0,,
23471287528,2026-07-04,2026-07-04 09:38:53,Quan 2 Road Cycling,road_biking,32.4,12.77,152.0,177.0,218.0,109.0,130.0,142.43499755859375,3.0999999046325684,2.4000000953674316,48.0,23.62
23470783198,2026-07-04,2026-07-04 04:51:18,Quan 10 Road Cycling,road_biking,145.0,61.44,136.0,179.0,943.0,98.0,141.0,318.9531555175781,3.9000000953674316,3.5,131.0,25.42
23482907825,2026-07-05,2026-07-05 11:11:43,Meditation,meditation,10.0,,99.0,106.0,,,,2.7342987060546875,0.20000000298023224,0.0,,
23482875464,2026-07-05,2026-07-05 10:54:57,Relax and Focus,breathwork,15.6,,105.0,114.0,,,,3.8237152099609375,0.20000000298023224,0.0,,
23482794304,2026-07-05,2026-07-05 04:19:55,Quan 10 Road Cycling,road_biking,260.8,108.31,140.0,174.0,1756.0,105.0,128.0,507.1553955078125,5.0,3.9000000953674316,292.0,24.92
23498384805,2026-07-06,2026-07-06 20:03:20,Quan 10 Cycling,cycling,5.0,1.33,136.0,147.0,40.0,,,19.2772216796875,1.100000023841858,0.20000000298023224,0.0,15.9
23498246791,2026-07-06,2026-07-06 18:44:59,Shoulder Alternative,strength_training,70.0,,132.0,191.0,422.0,,,135.87611389160156,2.799999952316284,2.5999999046325684,,
23497274080,2026-07-06,2026-07-06 18:16:38,Quan 10 Cycling,cycling,5.6,1.5,126.0,139.0,39.0,,,11.58331298828125,0.800000011920929,0.0,1.0,16.01
23493750181,2026-07-06,2026-07-06 08:21:46,Meditation,meditation,10.0,,66.0,84.0,,,,0.0,0.0,0.0,,
23493719373,2026-07-06,2026-07-06 08:05:47,Relax and Focus,breathwork,15.6,,63.0,144.0,,,,2.8067779541015625,0.0,0.10000000149011612,,
23508011654,2026-07-07,2026-07-07 16:15:16,Strength,strength_training,6.3,,113.0,136.0,36.0,,,6.6769256591796875,0.4000000059604645,0.0,,
23505217523,2026-07-07,2026-07-07 08:40:40,Meditation,meditation,10.0,,73.0,94.0,,,,0.07501220703125,0.0,0.0,,
23505175844,2026-07-07,2026-07-07 08:24:42,Relax and Focus,breathwork,15.6,,71.0,126.0,,,,0.0751953125,0.0,0.0,,
23521008832,2026-07-08,2026-07-08 15:50:22,Pool Swim,lap_swimming,70.9,2.0,146.0,171.0,590.0,,,180.513916015625,3.799999952316284,1.0,,1.69
23517180349,2026-07-08,2026-07-08 07:01:27,Meditation,meditation,10.0,,59.0,86.0,,,,0.0,0.0,0.0,,
23517104820,2026-07-08,2026-07-08 06:45:05,Relax and Focus,breathwork,15.6,,58.0,80.0,,,,0.0,0.0,0.0,,
23533825309,2026-07-09,2026-07-09 15:34:04,Quan 10 Road Cycling,road_biking,99.8,40.05,144.0,166.0,636.0,97.0,117.0,253.64593505859375,3.700000047683716,3.0999999046325684,102.0,24.08
23530822203,2026-07-09,2026-07-09 11:07:30,Quan 10 Cycling,cycling,5.3,1.49,128.0,147.0,38.0,,,16.72833251953125,1.100000023841858,0.0,0.0,16.74
23530787464,2026-07-09,2026-07-09 10:18:11,Chest Alternative,strength_training,46.3,,128.0,192.0,290.0,,,72.01348876953125,2.299999952316284,1.7999999523162842,,
23530594937,2026-07-09,2026-07-09 10:08:09,Quan 10 Cycling,cycling,5.6,1.5,117.0,127.0,34.0,,,7.214111328125,0.5,0.0,0.0,16.06
23529691038,2026-07-09,2026-07-09 06:57:21,Meditation,meditation,10.0,,61.0,94.0,,,,0.15582275390625,0.0,0.0,,
23529687750,2026-07-09,2026-07-09 06:41:21,Relax and Focus,breathwork,15.6,,65.0,91.0,,,,0.0968170166015625,0.0,0.0,,
23546608433,2026-07-10,2026-07-10 19:03:43,Quan 10 Cycling,cycling,5.5,1.32,126.0,134.0,38.0,,,10.660354614257812,0.699999988079071,0.0,1.0,14.53
23546325179,2026-07-10,2026-07-10 17:48:16,Back Alternative,strength_training,55.2,,130.0,162.0,338.0,,,70.71464538574219,2.4000000953674316,1.100000023841858,,
23545672669,2026-07-10,2026-07-10 17:34:18,Quan 10 Cycling,cycling,6.1,1.48,128.0,137.0,44.0,,,15.0052490234375,1.0,0.0,1.0,14.5
23542389318,2026-07-10,2026-07-10 09:15:55,Meditation,meditation,10.0,,59.0,73.0,,,,0.0,0.0,0.0,,
23542347965,2026-07-10,2026-07-10 08:59:39,Relax and Focus,breathwork,15.6,,60.0,76.0,,,,0.0,0.0,0.0,,
23559525025,2026-07-11,2026-07-11 18:32:51,Quan 10 Road Cycling,road_biking,102.6,37.92,126.0,151.0,606.0,83.0,88.0,118.68133544921875,3.0999999046325684,1.600000023841858,75.0,22.17
23642616314,2026-07-11,2026-07-11 16:47:07,MyWhoosh - Colombia - Medellin City,indoor_cycling,120.1,19.87,119.0,130.0,439.0,60.63341196059387,60.768898808438244,,,,1535.89697265625,9.93
23553405556,2026-07-11,2026-07-11 09:23:16,Meditation,meditation,10.0,,61.0,84.0,,,,0.0,0.0,0.0,,
23553363117,2026-07-11,2026-07-11 09:06:45,Relax and Focus,breathwork,15.6,,64.0,97.0,,,,0.1228179931640625,0.0,0.0,,
23565513518,2026-07-12,2026-07-12 11:38:53,Meditation,meditation,10.0,,81.0,93.0,,,,0.1981658935546875,0.0,0.0,,
23565478477,2026-07-12,2026-07-12 11:22:19,Relax and Focus,breathwork,15.6,,86.0,98.0,,,,1.3110504150390625,0.0,0.0,,
23565399216,2026-07-12,2026-07-12 10:49:12,Quan 3 Cycling,cycling,21.5,6.76,143.0,152.0,178.0,,,70.03935241699219,2.700000047683716,0.0,23.0,18.87
23564538266,2026-07-12,2026-07-12 07:06:06,Quan 10 Cycling,cycling,15.3,4.51,119.0,131.0,89.0,,,16.742691040039062,1.100000023841858,0.0,5.0,17.68
23581335921,2026-07-13,2026-07-13 19:38:59,Quan 10 Cycling,cycling,5.5,1.32,140.0,146.0,46.0,,,19.51654052734375,1.2999999523162842,0.0,0.0,14.33
23581202928,2026-07-13,2026-07-13 18:38:25,Shoulder Alternative,strength_training,54.4,,140.0,191.0,388.0,,,177.70550537109375,3.0999999046325684,2.799999952316284,,
23580516503,2026-07-13,2026-07-13 18:25:29,Quan 10 Cycling,cycling,5.9,1.48,135.0,146.0,46.0,,,18.67535400390625,1.2000000476837158,0.0,1.0,15.14
23642613575,2026-07-13,2026-07-13 09:25:06,MyWhoosh - Belgium - Kluisbergen,indoor_cycling,79.4,24.13,132.0,142.0,385.0,80.51784214945424,82.0000211911673,,,,549.1240396499634,18.23
23576639295,2026-07-13,2026-07-13 08:56:41,Meditation,meditation,10.0,,63.0,84.0,,,,0.0,0.0,0.0,,
23576605811,2026-07-13,2026-07-13 08:40:40,Relax and Focus,breathwork,15.6,,61.0,96.0,,,,0.1231689453125,0.0,0.0,,
23592936664,2026-07-14,2026-07-14 17:55:55,Cardio,indoor_cardio,6.1,,93.0,122.0,21.0,,,1.923919677734375,0.10000000149011612,0.0,,
23588611786,2026-07-14,2026-07-14 08:08:55,Meditation,meditation,10.0,,60.0,83.0,,,,0.0,0.0,0.0,,
23588555844,2026-07-14,2026-07-14 07:52:50,Relax and Focus,breathwork,15.6,,60.0,98.0,,,,0.076416015625,0.0,0.0,,
23606871684,2026-07-15,2026-07-15 19:58:22,Quan 10 Cycling,cycling,5.9,1.51,130.0,143.0,43.0,,,13.623611450195312,0.8999999761581421,0.0,1.0,15.21
23606564627,2026-07-15,2026-07-15 18:43:03,Chest Alternative,strength_training,54.5,,126.0,154.0,323.0,,,55.93840026855469,2.200000047683716,1.0,,
23605838977,2026-07-15,2026-07-15 18:30:27,Quan 10 Cycling,cycling,5.9,1.5,122.0,134.0,39.0,,,9.6558837890625,0.6000000238418579,0.0,1.0,15.31
23601818514,2026-07-15,2026-07-15 09:32:28,Meditation,meditation,10.0,,60.0,75.0,,,,0.0,0.0,0.0,,
23601779469,2026-07-15,2026-07-15 09:16:27,Relax and Focus,breathwork,15.6,,62.0,90.0,,,,0.0456390380859375,0.0,0.0,,
23616193765,2026-07-16,2026-07-16 15:16:23,Pool Swim,lap_swimming,36.6,1.25,125.0,158.0,227.0,,,45.927337646484375,2.299999952316284,0.0,,2.05
23614640893,2026-07-16,2026-07-16 12:21:56,Meditation,meditation,10.0,,61.0,72.0,,,,0.0,0.0,0.0,,
23614574044,2026-07-16,2026-07-16 12:05:47,Relax and Focus,breathwork,15.6,,64.0,134.0,,,,0.21685791015625,0.0,0.0,,
23630543424,2026-07-17,2026-07-17 19:55:03,Quan 10 Cycling,cycling,6.7,1.49,118.0,132.0,41.0,,,10.365127563476562,0.699999988079071,0.0,0.0,13.33
23630380195,2026-07-17,2026-07-17 18:54:32,Back Alternative,strength_training,57.5,,130.0,164.0,346.0,,,79.4371337890625,2.5,1.2999999523162842,,
23629707559,2026-07-17,2026-07-17 18:42:09,Quan 10 Cycling,cycling,6.3,1.52,127.0,142.0,44.0,,,15.969650268554688,1.0,0.0,0.0,14.5
23626084955,2026-07-17,2026-07-17 09:53:28,Quan 10 Cycling,cycling,55.3,19.74,133.0,155.0,280.0,77.0,94.0,84.58529663085938,2.5,1.899999976158142,49.0,21.41
23625573768,2026-07-17,2026-07-17 08:40:53,Meditation,meditation,10.0,,63.0,91.0,,,,0.028350830078125,0.0,0.0,,
23625573562,2026-07-17,2026-07-17 08:24:53,Relax and Focus,breathwork,15.6,,64.0,85.0,,,,0.0,0.0,0.0,,
23641616633,2026-07-18,2026-07-18 17:54:00,Bien Hoa Motorcycle,motorcycling_v2,57.0,29.9,83.0,122.0,141.0,,,5.4719085693359375,0.30000001192092896,0.0,130.0,31.47
23640419830,2026-07-18,2026-07-18 16:20:18,Quan 10 Motorcycle,motorcycling_v2,58.7,31.99,96.0,150.0,170.0,,,4.9096832275390625,0.30000001192092896,0.0,135.0,32.69
23637175966,2026-07-18,2026-07-18 11:23:26,Meditation,meditation,10.0,,106.0,111.0,,,,4.41046142578125,0.30000001192092896,0.0,,
23636535714,2026-07-18,2026-07-18 08:27:38,Relax and Focus,breathwork,15.6,,99.0,111.0,,,,1.7167816162109375,0.10000000149011612,0.0,,
23637084424,2026-07-18,2026-07-18 04:50:31,Quan 10 Road Cycling,road_biking,222.0,103.18,149.0,182.0,1608.0,113.0,126.0,695.018310546875,5.0,4.400000095367432,216.0,27.88
23648765767,2026-07-19,2026-07-19 11:13:19,Meditation,meditation,10.0,,87.0,96.0,,,,0.896453857421875,0.0,0.0,,
23648735120,2026-07-19,2026-07-19 10:57:03,Relax and Focus,breathwork,15.6,,91.0,104.0,,,,2.287109375,0.10000000149011612,0.0,,
23648588800,2026-07-19,2026-07-19 04:30:55,Quan 10 Road Cycling,road_biking,243.2,80.42,134.0,164.0,1521.0,,,168.45828247070312,3.700000047683716,0.6000000238418579,212.0,19.84
23664642805,2026-07-20,2026-07-20 19:59:35,Quan 10 Cycling,cycling,5.0,1.32,110.0,122.0,26.0,,,5.2482452392578125,0.30000001192092896,0.0,0.0,15.7
23664495937,2026-07-20,2026-07-20 18:43:18,Shoulder Alternative,strength_training,68.7,,114.0,152.0,304.0,,,39.907928466796875,1.399999976158142,1.399999976158142,,
23663641467,2026-07-20,2026-07-20 18:28:00,Quan 10 Cycling,cycling,6.2,1.5,110.0,120.0,32.0,,,5.396942138671875,0.30000001192092896,0.0,1.0,14.38
23662994332,2026-07-20,2026-07-20 16:36:14,Quan 10 Road Cycling,road_biking,52.7,19.73,122.0,133.0,278.0,72.0,75.0,38.495513916015625,2.0999999046325684,0.0,20.0,22.44
23660169099,2026-07-20,2026-07-20 09:50:36,Meditation,meditation,10.0,,61.0,89.0,,,,0.0,0.0,0.0,,
23660125877,2026-07-20,2026-07-20 09:26:57,Relax and Focus,breathwork,15.6,,59.0,88.0,,,,0.0,0.0,0.0,,
23674034115,2026-07-21,2026-07-21 13:54:24,Pool Swim,lap_swimming,55.7,1.65,121.0,144.0,324.0,,,42.876495361328125,2.200000047683716,0.20000000298023224,,1.77
23671735530,2026-07-21,2026-07-21 08:03:49,Meditation,meditation,10.0,,81.0,96.0,,,,1.154693603515625,0.0,0.0,,
23671680081,2026-07-21,2026-07-21 07:47:50,Relax and Focus,breathwork,15.6,,90.0,95.0,,,,2.1768798828125,0.10000000149011612,0.0,,
23745334759,2026-07-21,2026-07-21 05:42:22,MyWhoosh - California - Downtown LA,indoor_cycling,60.3,24.6,152.0,165.0,376.0,103.61591599889472,110.71312122047567,,,,2538.9425048828125,24.47
23690228347,2026-07-22,2026-07-22 19:42:07,Quan 10 Cycling,cycling,5.7,1.32,123.0,135.0,37.0,,,9.71685791015625,0.6000000238418579,0.0,0.0,13.9
23690002914,2026-07-22,2026-07-22 18:24:46,Chest Alternative,strength_training,63.9,,121.0,151.0,326.0,,,39.93511962890625,2.0,0.6000000238418579,,
23689147740,2026-07-22,2026-07-22 18:12:34,Quan 10 Cycling,cycling,6.2,1.52,117.0,125.0,37.0,,,8.174774169921875,0.5,0.0,0.0,14.64
23685177669,2026-07-22,2026-07-22 09:01:46,Meditation,meditation,10.0,,82.0,115.0,,,,1.85858154296875,0.10000000149011612,0.0,,
23685177428,2026-07-22,2026-07-22 08:45:45,Relax and Focus,breathwork,15.6,,63.0,92.0,,,,0.028350830078125,0.0,0.0,,
23702403819,2026-07-23,2026-07-23 18:55:41,Quan 10 Motorcycle,motorcycling_v2,21.9,8.98,103.0,118.0,90.0,,,5.62750244140625,0.4000000059604645,0.0,29.0,24.54
23699899013,2026-07-23,2026-07-23 13:49:46,Pool Swim,lap_swimming,77.0,2.0,123.0,155.0,420.0,,,58.20634460449219,2.4000000953674316,0.30000001192092896,,1.56
23697058720,2026-07-23,2026-07-23 06:31:59,Meditation,meditation,10.0,,63.0,83.0,,,,0.0,0.0,0.0,,
23696987298,2026-07-23,2026-07-23 06:15:52,Relax and Focus,breathwork,15.6,,61.0,91.0,,,,0.0,0.0,0.0,,
23714595266,2026-07-24,2026-07-24 19:23:30,Quan 10 Cycling,cycling,5.3,1.31,122.0,135.0,35.0,,,9.2271728515625,0.6000000238418579,0.0,3.0,14.72
23714289226,2026-07-24,2026-07-24 18:08:10,Back Alternative,strength_training,53.9,,126.0,158.0,306.0,,,62.97410583496094,2.299999952316284,0.8999999761581421,,
23713613621,2026-07-24,2026-07-24 17:56:53,Quan 10 Cycling,cycling,6.0,1.5,113.0,126.0,33.0,,,5.5425567626953125,0.4000000059604645,0.0,0.0,14.99
23710042039,2026-07-24,2026-07-24 08:52:15,Meditation,meditation,10.0,,57.0,71.0,,,,0.0,0.0,0.0,,
23709996275,2026-07-24,2026-07-24 08:36:01,Relax and Focus,breathwork,15.6,,65.0,99.0,,,,0.114471435546875,0.0,0.0,,
23726669117,2026-07-25,2026-07-25 18:47:55,Quan 10 Motorcycle,motorcycling_v2,52.4,30.2,89.0,118.0,147.0,,,2.9831390380859375,0.20000000298023224,0.0,144.0,34.56
23721570900,2026-07-25,2026-07-25 09:29:02,Meditation,meditation,10.0,,71.0,93.0,,,,0.430694580078125,0.0,0.0,,
23721526552,2026-07-25,2026-07-25 09:12:26,Relax and Focus,breathwork,15.6,,75.0,90.0,,,,0.4777984619140625,0.0,0.0,,
23721217434,2026-07-25,2026-07-25 05:21:02,Quan 10 Road Cycling,road_biking,168.9,65.61,131.0,164.0,1140.0,101.0,116.0,286.7560119628906,4.199999809265137,2.700000047683716,92.0,23.31
23739408783,2026-07-26,2026-07-26 18:26:15,Quan 10 Running,running,135.4,11.72,125.0,144.0,805.0,145.0,159.0,105.45477294921875,3.0,0.800000011920929,28.0,5.19
23736115124,2026-07-26,2026-07-26 15:37:58,Bien Hoa Motorcycle,motorcycling_v2,49.1,30.06,97.0,127.0,162.0,,,3.823272705078125,0.20000000298023224,0.0,137.0,36.72
23733181531,2026-07-26,2026-07-26 08:07:13,Meditation,meditation,10.0,,72.0,110.0,,,,0.367950439453125,0.0,0.0,,
23733074666,2026-07-26,2026-07-26 07:39:32,Relax and Focus,breathwork,15.6,,66.0,184.0,,,,9.794769287109375,0.0,0.6000000238418579,,
23749721654,2026-07-27,2026-07-27 19:37:54,Quan 10 Cycling,cycling,5.4,1.31,132.0,155.0,41.0,,,18.371246337890625,1.0,0.20000000298023224,1.0,14.55
23749579323,2026-07-27,2026-07-27 18:34:43,Shoulder Alternative,strength_training,55.3,,133.0,185.0,354.0,,,113.17495727539062,2.5999999046325684,2.299999952316284,,
23748879139,2026-07-27,2026-07-27 18:21:55,Quan 10 Cycling,cycling,6.0,1.5,116.0,126.0,36.0,,,7.35565185546875,0.5,0.0,0.0,15.13
23745135646,2026-07-27,2026-07-27 08:47:08,Meditation,meditation,10.0,,63.0,89.0,,,,0.0,0.0,0.0,,
23745102719,2026-07-27,2026-07-27 08:30:53,Relax and Focus,breathwork,15.6,,63.0,87.0,,,,0.0266876220703125,0.0,0.0,,
23763596773,2026-07-28,2026-07-28 20:27:30,Quan 10 Walking,walking,36.5,3.23,125.0,139.0,214.0,,,24.180755615234375,1.7000000476837158,0.0,2.0,5.31
23771630869,2026-07-28,2026-07-28 11:17:14,MyWhoosh - Switzerland - Lake Lucerne Loop,indoor_cycling,125.7,45.35,141.0,154.0,691.0,91.39451001193476,92.17252307097459,,,,1421.8899536132812,21.65
23757344897,2026-07-28,2026-07-28 08:54:53,Meditation,meditation,10.0,,66.0,83.0,,,,0.0,0.0,0.0,,
23757343549,2026-07-28,2026-07-28 08:38:38,Relax and Focus,breathwork,15.6,,64.0,100.0,,,,0.1844329833984375,0.0,0.0,,
23776396667,2026-07-29,2026-07-29 20:27:27,Quan 10 Cycling,cycling,4.0,1.31,143.0,166.0,31.0,,,14.720230102539062,1.0,0.0,3.0,19.66
23775811780,2026-07-29,2026-07-29 18:41:02,Chest Alternative,strength_training,58.5,,129.0,161.0,326.0,,,48.63484191894531,2.0999999046325684,0.8999999761581421,,
23775016338,2026-07-29,2026-07-29 18:28:11,Quan 10 Cycling,cycling,5.2,1.5,125.0,138.0,33.0,,,8.609161376953125,0.6000000238418579,0.0,1.0,17.37
23774129691,2026-07-29,2026-07-29 15:43:47,Quan 10 Road Cycling,road_biking,89.9,33.16,138.0,151.0,529.0,86.0,91.0,87.4305419921875,2.9000000953674316,0.30000001192092896,60.0,22.14
23770230383,2026-07-29,2026-07-29 07:33:35,Meditation,meditation,10.0,,69.0,86.0,,,,0.0,0.0,0.0,,
23770166697,2026-07-29,2026-07-29 07:17:36,Relax and Focus,breathwork,15.6,,64.0,93.0,,,,0.0,0.0,0.0,,
23786979468,2026-07-30,2026-07-30 17:01:10,Huyen Binh Chanh Walking,walking,42.5,3.17,119.0,131.0,216.0,,,18.41534423828125,1.2999999523162842,0.0,11.0,4.47
23786431041,2026-07-30,2026-07-30 16:35:25,Quan 10 Cycling,cycling,20.0,6.33,125.0,147.0,91.0,87.0,88.0,21.8900146484375,1.5,0.0,17.0,19.01
23783426162,2026-07-30,2026-07-30 09:28:14,Meditation,meditation,10.0,,78.0,97.0,,,,0.142791748046875,0.0,0.0,,
23783419828,2026-07-30,2026-07-30 09:12:05,Relax and Focus,breathwork,15.6,,81.0,100.0,,,,0.3109588623046875,0.0,0.0,,
23800542629,2026-07-31,2026-07-31 20:04:51,Quan 10 Cycling,cycling,5.9,1.31,119.0,128.0,34.0,,,6.0094146728515625,0.4000000059604645,0.0,0.0,13.23
23800143312,2026-07-31,2026-07-31 18:41:09,Back Alternative,strength_training,53.1,,130.0,184.0,310.0,,,69.09689331054688,2.200000047683716,2.0,,
23799468972,2026-07-31,2026-07-31 18:26:38,Quan 10 Cycling,cycling,6.5,1.49,115.0,123.0,34.0,,,5.159393310546875,0.30000001192092896,0.0,1.0,13.79
23797302855,2026-07-31,2026-07-31 14:18:59,Huyen Binh Chanh Cycling,cycling,18.4,6.42,119.0,146.0,94.0,102.0,107.0,21.583023071289062,1.2000000476837158,0.20000000298023224,23.0,20.88
23794659798,2026-07-31,2026-07-31 06:29:46,Meditation,meditation,10.0,,57.0,75.0,,,,0.0,0.0,0.0,,
23794579999,2026-07-31,2026-07-31 06:11:48,Relax and Focus,breathwork,15.6,,56.0,69.0,,,,0.0,0.0,0.0,,
23811717975,2026-08-01,2026-08-01 17:41:54,Quan 10 Road Cycling,road_biking,78.0,33.52,135.0,177.0,574.0,126.0,143.0,159.43743896484375,3.200000047683716,2.299999952316284,126.0,25.78
23805738114,2026-08-01,2026-08-01 05:52:29,Meditation,meditation,10.0,,62.0,89.0,,,,0.0,0.0,0.0,,
23805670241,2026-08-01,2026-08-01 05:35:37,Relax and Focus,breathwork,15.6,,63.0,90.0,,,,0.0,0.0,0.0,,
23825525769,2026-08-02,2026-08-02 19:51:43,Quan 11 Walking,walking,99.0,8.16,125.0,133.0,540.0,,,46.943572998046875,2.299999952316284,0.0,11.0,4.95
23820950702,2026-08-02,2026-08-02 14:29:07,Bien Hoa Road Cycling,road_biking,67.3,29.73,156.0,179.0,597.0,145.0,170.0,346.87591552734375,4.5,3.0999999046325684,147.0,26.52
23818254990,2026-08-02,2026-08-02 07:36:02,Meditation,meditation,10.0,,67.0,80.0,,,,0.0,0.0,0.0,,
23818254725,2026-08-02,2026-08-02 07:19:55,Relax and Focus,breathwork,15.6,,59.0,116.0,,,,0.349090576171875,0.0,0.0,,
23835891532,2026-08-03,2026-08-03 20:06:16,Quan 10 Cycling,cycling,5.1,1.31,134.0,161.0,37.0,,,14.901596069335938,0.800000011920929,0.20000000298023224,1.0,15.45
23912711349,2026-08-03,2026-08-03 20:00:17,Technogym Run Excite: Quick Start,running,14.2,1.01,108.0,133.0,74.0,,,,,,,4.3
23912712554,2026-08-03,2026-08-03 19:36:46,Technogym Run Excite: Quick Start,running,22.2,2.02,128.0,132.0,114.0,,,,,,,5.48
23835438477,2026-08-03,2026-08-03 18:36:27,Shoulder Alternative,strength_training,53.9,,128.0,169.0,298.0,,,58.02751159667969,2.0999999046325684,1.7000000476837158,,
23834720781,2026-08-03,2026-08-03 18:20:17,Quan 10 Cycling,cycling,6.4,1.49,115.0,126.0,34.0,,,5.6227874755859375,0.4000000059604645,0.0,1.0,13.91
23834063276,2026-08-03,2026-08-03 16:06:08,Quan 10 Road Cycling,road_biking,73.2,28.94,131.0,146.0,444.0,86.0,86.0,75.05012512207031,2.799999952316284,0.0,39.0,23.73
23830460209,2026-08-03,2026-08-03 07:16:03,Meditation,meditation,10.0,,58.0,59.0,,,,0.0,0.0,0.0,,
23830396335,2026-08-03,2026-08-03 06:54:23,Relax and Focus,breathwork,15.6,,75.0,77.0,,,,0.0,0.0,0.0,,
23848997845,2026-08-04,2026-08-04 20:14:11,Quan 10 Cycling,cycling,5.3,1.32,113.0,124.0,28.0,,,4.3583984375,0.30000001192092896,0.0,0.0,14.94
23912710245,2026-08-04,2026-08-04 18:35:01,Technogym Run Excite: Quick Start,running,27.9,2.54,121.0,137.0,144.0,,,,,,,5.47
23847989191,2026-08-04,2026-08-04 18:19:32,Quan 10 Cycling,cycling,5.8,1.51,117.0,133.0,32.0,,,7.525543212890625,0.5,0.0,0.0,15.72
23843135338,2026-08-04,2026-08-04 08:34:21,Meditation,meditation,10.0,,60.0,78.0,,,,0.0,0.0,0.0,,
23843034551,2026-08-04,2026-08-04 08:18:13,Relax and Focus,breathwork,15.6,,64.0,95.0,,,,0.1438140869140625,0.0,0.0,,
23862131205,2026-08-05,2026-08-05 20:12:08,Quan 10 Cycling,cycling,5.0,1.31,121.0,149.0,31.0,,,10.837432861328125,0.4000000059604645,0.20000000298023224,0.0,15.8
23912708882,2026-08-05,2026-08-05 19:39:10,Technogym Bike Excite: Quick Start,cycling,21.3,8.49,131.0,142.0,165.0,94.4734375,97.68717423227955,,,,,23.88
23861639909,2026-08-05,2026-08-05 18:38:53,Chest Alternative,strength_training,55.7,,116.0,153.0,247.0,,,18.191696166992188,1.0,0.20000000298023224,,
23860878177,2026-08-05,2026-08-05 18:25:06,Quan 10 Cycling,cycling,6.2,1.5,110.0,123.0,30.0,,,3.5746917724609375,0.20000000298023224,0.0,1.0,14.49
23855395568,2026-08-05,2026-08-05 04:56:10,Quan 10 - Sprint,road_biking,69.5,30.04,147.0,172.0,533.0,116.0,166.0,246.419677734375,3.5,3.0999999046325684,73.0,25.95
23854778020,2026-08-05,2026-08-05 04:35:53,Meditation,meditation,10.0,,63.0,85.0,,,,0.0,0.0,0.0,,
23854772678,2026-08-05,2026-08-05 04:19:48,Relax and Focus,breathwork,15.6,,61.0,88.0,,,,0.0,0.0,0.0,,
23875336289,2026-08-06,2026-08-06 19:13:50,Quan 2 Walking,walking,106.3,8.12,101.0,117.0,522.0,,,40.2259521484375,2.200000047683716,0.0,5.0,4.59
23868806734,2026-08-06,2026-08-06 07:06:49,Meditation,meditation,10.0,,59.0,71.0,,,,0.0,0.0,0.0,,
23868739945,2026-08-06,2026-08-06 06:50:47,Relax and Focus,breathwork,15.6,,60.0,72.0,,,,0.0,0.0,0.0,,
23887033553,2026-08-07,2026-08-07 19:55:10,Quan 10 Cycling,cycling,5.4,1.51,124.0,134.0,35.0,,,7.3079986572265625,0.5,0.0,0.0,16.7
23912707517,2026-08-07,2026-08-07 19:18:52,Technogym Run Excite: Quick Start,running,30.0,3.14,123.0,164.0,213.0,,,,,,,6.28
23887033136,2026-08-07,2026-08-07 18:23:00,Back Alternative,strength_training,52.6,,118.0,153.0,249.0,,,19.289520263671875,1.0,0.30000001192092896,,
23887032616,2026-08-07,2026-08-07 18:07:50,Quan 10 Cycling,cycling,6.5,1.49,112.0,138.0,33.0,,,4.848846435546875,0.30000001192092896,0.0,0.0,13.73
23881839460,2026-08-07,2026-08-07 08:54:18,Meditation,meditation,10.0,,64.0,96.0,,,,0.0,0.0,0.0,,
23881793017,2026-08-07,2026-08-07 08:38:07,Relax and Focus,breathwork,15.6,,61.0,86.0,,,,0.0,0.0,0.0,,
23899689478,2026-08-08,2026-08-08 18:13:29,Quan 10 Road Cycling,road_biking,132.8,55.8,148.0,184.0,1058.0,135.0,160.0,428.35601806640625,4.5,3.9000000953674316,157.0,25.2
23893448685,2026-08-08,2026-08-08 08:57:26,Meditation,meditation,10.0,,65.0,99.0,,,,0.0222015380859375,0.0,0.0,,
23893403661,2026-08-08,2026-08-08 08:41:13,Relax and Focus,breathwork,15.6,,66.0,86.0,,,,0.0884857177734375,0.0,0.0,,
23914015806,2026-08-09,2026-08-09 23:27:17,Relax and Focus (Short),breathwork,5.6,,60.0,81.0,,,,0.0,0.0,0.0,,
23912706004,2026-08-09,2026-08-09 15:30:55,MyWhoosh - Hudayriyat - Hudayriyat Outer Loop,indoor_cycling,60.8,23.72,129.0,136.0,326.0,89.06798245614036,89.95987040983837,,,,526.2406387329102,23.41
23905350321,2026-08-09,2026-08-09 07:40:07,Meditation,meditation,10.0,,58.0,73.0,,,,0.0,0.0,0.0,,
23905282284,2026-08-09,2026-08-09 07:21:25,Relax and Focus,breathwork,15.6,,59.0,88.0,,,,0.0,0.0,0.0,,
23924541496,2026-08-10,2026-08-10 22:37:49,Relax and Focus (Short),breathwork,5.6,,84.0,162.0,,,,0.0222015380859375,0.0,0.0,,
23922903777,2026-08-10,2026-08-10 20:07:40,Quan 10 Cycling,cycling,5.4,1.32,123.0,138.0,34.0,,,6.6178741455078125,0.4000000059604645,0.0,0.0,14.59
23922452195,2026-08-10,2026-08-10 18:35:58,Shoulder Alternative,strength_training,56.3,,117.0,166.0,252.0,,,46.49481201171875,0.8999999761581421,2.0999999046325684,,
23921734868,2026-08-10,2026-08-10 18:21:26,Quan 10 Cycling,cycling,6.3,1.49,104.0,116.0,26.0,,,2.841949462890625,0.20000000298023224,0.0,1.0,14.31
23918487481,2026-08-10,2026-08-10 12:17:35,Quan 10 Cycling,cycling,5.2,1.32,130.0,143.0,38.0,,,9.356124877929688,0.6000000238418579,0.0,3.0,15.13
23918246173,2026-08-10,2026-08-10 11:11:42,Light Leg,strength_training,23.3,,131.0,154.0,158.0,,,34.00685119628906,2.0,0.20000000298023224,,
23918146014,2026-08-10,2026-08-10 11:01:03,Quan 10 Cycling,cycling,5.8,1.51,120.0,141.0,35.0,,,8.009384155273438,0.5,0.0,1.0,15.68
23917719274,2026-08-10,2026-08-10 07:44:55,Quan 10 Road Cycling,road_biking,53.6,20.43,124.0,142.0,325.0,89.0,87.0,45.78749084472656,2.299999952316284,0.0,17.0,22.87
23917456399,2026-08-10,2026-08-10 07:28:19,Meditation,meditation,10.0,,58.0,71.0,,,,0.0,0.0,0.0,,
23917392249,2026-08-10,2026-08-10 07:07:17,Relax and Focus,breathwork,15.6,,57.0,85.0,,,,0.0,0.0,0.0,,
23917324434,2026-08-10,2026-08-10 07:00:59,Relax and Focus (Short),breathwork,5.6,,60.0,83.0,,,,0.0,0.0,0.0,,
23933479956,2026-08-11,2026-08-11 15:38:18,Pool Swim,lap_swimming,57.8,1.6,119.0,153.0,290.0,,,23.145355224609375,1.600000023841858,0.0,,1.66
23930223408,2026-08-11,2026-08-11 08:53:26,Meditation,meditation,10.0,,59.0,71.0,,,,0.0,0.0,0.0,,
23930224703,2026-08-11,2026-08-11 08:37:24,Relax and Focus,breathwork,15.6,,59.0,95.0,,,,0.0,0.0,0.0,,
